INSERT INTO "public"."users" ("id", "username", "useremail", "password", "role", "datetime", "mobile_number", "can_edit_staff", "can_edit_pipeline", "can_edit_product", "can_edit_files", "can_edit_enquiries", "can_edit_stock", "can_edit_product_enquiry", "can_edit_service_enquiry", "can_edit_sales", "can_see_performance", "employee_code", "can_view_staff", "can_view_pipeline", "can_view_product", "can_view_files", "can_view_enquiries", "can_view_stock", "can_view_product_enquiry", "can_view_service_enquiry", "can_view_sales") VALUES ('1', 'Admin User', 'admin@example.com', '$2a$10$5WZSvonGvCKT50yUxBKiDOawGdmH1hYjZ.M.dendqBEgLqrpeyRom', 'Admin', '2024-07-20 10:33:20.402', '1234567890', 'true', 'true', 'true', 'true', 'true', 'true', 'true', 'true', 'true', 'true', 'ADMIN', 'false', 'false', 'false', 'false', 'false', 'false', 'false', 'false', 'false'), ('3', 'Sanoop', 'sanoopharitha@gmail.com', '$2a$10$9mHgNA4HieIUJthY5HtyWOfX/hs7rNA8v5QSkoFd8ty4JIw0xhmHy', 'Accounts', '2024-07-20 12:28:31.979732', '9544900447', 'false', 'false', 'true', 'false', 'true', 'false', 'true', 'true', 'true', 'true', '002', 'false', 'false', 'false', 'false', 'false', 'false', 'false', 'false', 'false'), ('4', 'Rafi', 'rafiharitha@gmail.com', '$2a$10$sON3/.BT6j9b3MZ67LY7AOzkJ77/hL8HnJAbFcjlLicci9jlJyC.2', 'Manager', '2024-07-20 12:28:32.005532', '9544900446', 'false', 'false', 'true', 'false', 'true', 'false', 'true', 'true', 'true', 'true', '001', 'false', 'false', 'false', 'false', 'false', 'false', 'false', 'false', 'false'), ('5', 'Sruthi', 'frontharitha@gmail.com', '$2a$10$mAtNXnbpU7W/maGSYTSOVO.AhHkk21RVIdTBOwSCtZbE.jrv0OKw2', 'Salesperson', '2024-07-20 12:28:32.014168', '7909100441', 'false', 'false', 'true', 'false', 'true', 'false', 'true', 'false', 'true', 'false', '004', 'false', 'false', 'false', 'false', 'false', 'false', 'false', 'false', 'false'), ('6', 'Sijosh', 'sijoharitha@gmail.com', '$2a$10$7bNJYUi./xauKUHrhH9xkOLFJRjEmSKbUvX11pw0Q0uSOLGOyuqNG', 'Manager', '2024-07-20 12:28:32.013681', '9747403390', 'false', 'false', 'true', 'false', 'true', 'true', 'true', 'true', 'true', 'true', '003', 'false', 'false', 'false', 'false', 'false', 'false', 'false', 'false', 'false'), ('7', 'Sumi', 'irriharitha@gmail.com', '$2a$12$lKQrOXSVRVVSfgtwO4e.xua56ExHjTR9Tv2qTfXtrReR/xuCnNiDy', 'Salesperson', '2024-07-20 12:28:32.116153', '9544900466', 'false', 'false', 'true', 'false', 'true', 'false', 'true', 'false', 'true', 'false', '005', 'false', 'false', 'false', 'false', 'false', 'false', 'false', 'false', 'false'), ('8', 'Sajana', 'recpstharitha@gmail.com', '$2a$12$4wQ1ueFJtgJOyjnknP6WieBaQPfY97VfzmSvw0qpf1std9O9kYChy', 'Salesperson', '2024-07-20 12:28:32.119745', '9895100444', 'false', 'false', 'true', 'false', 'true', 'false', 'true', 'false', 'true', 'false', '006', 'false', 'false', 'false', 'false', 'false', 'false', 'false', 'false', 'false'), ('9', 'Neethu', 'stockharitha@gmail.com', '$2a$12$TzdAGkZdOl2d31kts5eOZefDjE2/m1Xum1LQ7Vd4SGI2bruLdh3cO', 'Salesperson', '2024-07-20 12:28:32.123082', '9656490066', 'false', 'false', 'true', 'false', 'true', 'false', 'true', 'false', 'true', 'false', '007', 'false', 'false', 'false', 'false', 'false', 'false', 'false', 'false', 'false'), ('10', 'Thasni', 'serviceharitha@gmail.com', '$2a$12$bdw3b.CzTk7Msukb6ZFzUekkAALRp.Le/OaOalT0mDU.P81UPHU2O', 'Service', '2024-07-20 12:28:32.14882', '9562482489', 'false', 'true', 'true', 'true', 'true', 'true', 'true', 'true', 'true', 'true', '008', 'false', 'false', 'false', 'false', 'false', 'false', 'false', 'false', 'false'), ('11', 'Sasikala', 'accountsharitha@gmail.com', '$2a$10$SeeFGXECCiBfSZDsymofQ.IwT6wU28Nmee3bgr4V7wDnvGLIld7o2', 'Accounts', '2024-07-20 12:28:32.156824', '7909100442', 'true', 'true', 'true', 'true', 'true', 'true', 'true', 'true', 'true', 'true', '009', 'false', 'false', 'false', 'false', 'false', 'false', 'false', 'false', 'false'), ('12', 'Pravisha', 'saleharitha@gmail.com', '$2a$10$nvHdRu.PAxioaM39AQDdGeEznzyLqCoc6CeBFEYGVzLmO3XYZHFk6', 'Salesperson', '2024-07-20 12:28:32.633496', '7034100445', 'false', 'false', 'true', 'false', 'true', 'false', 'true', 'false', 'true', 'false', '010', 'false', 'false', 'false', 'false', 'false', 'false', 'false', 'false', 'false');


INSERT INTO "public"."lead_sources" ("id", "lead_source", "district", "state", "created_at") VALUES ('1', 'Direct', null, null, '2024-08-01 07:33:24.059238'), ('2', 'Phone', null, null, '2024-08-01 07:33:24.059238'), ('4', 'Reference', null, null, '2024-08-01 07:33:24.059238'), ('5', 'WhatsApp', null, null, '2024-08-01 07:33:24.059238'), ('6', 'Indiamart', null, null, '2024-08-01 07:33:24.059238'), ('7', 'Insta', null, null, '2024-08-01 07:33:24.059238'), ('8', 'Fb', null, null, '2024-08-01 07:33:24.059238'), ('12', 'Others', '', '', '2024-08-01 16:04:50.918612');

INSERT INTO "public"."pipelines" ("pipeline_id", "pipeline_name", "created_at") VALUES ('23', 'SMAM', '2024-07-27 11:35:17.708305'), ('24', 'Irrigation subsidy', '2024-07-27 11:35:36.124912'), ('27', 'Ksheerasree', '2024-07-30 11:34:47.385022'), ('28', 'General Subsidy', '2024-07-30 11:35:41.139828'), ('29', 'Sale', '2024-07-30 11:36:04.428307');

INSERT INTO "public"."pipeline_stages" ("stage_id", "pipeline_id", "stage_name", "created_at") VALUES ('42', '23', 'Doc Collection', '2024-08-07 06:04:14.842067'), ('43', '23', 'Registration', '2024-08-07 06:08:41.32597'), ('44', '23', 'Product Selected', '2024-08-07 06:12:07.02802'), ('45', '23', 'Approved', '2024-08-07 06:13:08.635614'), ('46', '23', 'Product Finalization', '2024-08-07 06:22:25.409626'), ('47', '23', 'Supply', '2024-08-07 06:29:04.199742'), ('48', '23', 'Bill Updation', '2024-08-07 06:30:23.45624'), ('49', '23', 'Manufacture', '2024-08-07 06:31:33.27924'), ('51', '24', 'Site Visit', '2024-10-15 09:50:46.079098'), ('52', '24', 'quotation', '2024-10-15 09:51:12.270612'), ('53', '24', 'Work order', '2024-10-15 09:51:20.525922'), ('54', '24', 'Payment', '2024-10-15 09:51:43.423806'), ('55', '24', 'Material Supply', '2024-10-15 09:52:43.305029'), ('56', '24', 'Trenching', '2024-10-15 09:53:23.103852'), ('57', '24', 'Work Completed', '2024-10-15 09:53:33.809137'), ('59', '24', 'Bill Submitted', '2024-10-15 09:54:53.894827'), ('60', '27', 'Quotation', '2024-10-15 09:55:36.380589'), ('61', '27', 'Supply', '2024-10-15 09:55:46.604074');

INSERT INTO "public"."pipeline_fields" ("field_id", "stage_id", "field_name", "field_type", "created_at") VALUES ('43', '42', 'Aadhar', 'checkbox', '2024-08-07 06:06:00.25119'), ('44', '42', 'Passbook', 'checkbox', '2024-08-07 06:06:11.904393'), ('45', '42', 'land receipt', 'checkbox', '2024-08-07 06:06:28.301674'), ('46', '42', 'Photo', 'checkbox', '2024-08-07 06:06:44.028108'), ('47', '42', 'Pan', 'checkbox', '2024-08-07 06:07:05.232352'), ('48', '43', 'Completed', 'checkbox', '2024-08-07 06:11:33.69286'), ('49', '44', 'Waiting No.', 'textfield', '2024-08-07 06:12:27.086731'), ('50', '44', 'Remark', 'textfield', '2024-08-07 06:12:50.700312'), ('51', '45', 'Pass Date', 'date', '2024-08-07 06:17:53.388931'), ('53', '46', 'Dealer Selection', 'checkbox', '2024-08-07 06:28:18.237748'), ('54', '46', 'Date', 'date', '2024-08-07 06:28:43.766568'), ('56', '47', 'date', 'date', '2024-08-07 06:30:12.823025'), ('57', '47', 'Remark', 'textfield', '2024-08-07 06:30:46.780401'), ('58', '48', 'Date', 'date', '2024-08-07 06:31:04.37902'), ('59', '48', 'Remark', 'textfield', '2024-08-07 06:31:04.567678'), ('60', '49', 'Approval date', 'date', '2024-08-07 06:31:51.727391'), ('67', '43', 'Remark', 'textfield', '2024-10-15 07:03:55.122324'), ('68', '45', 'Remark', 'textfield', '2024-10-15 07:04:22.744932'), ('69', '46', 'Remark', 'textfield', '2024-10-15 07:04:44.58002'), ('70', '49', 'Remark', 'textfield', '2024-10-15 07:06:09.969067'), ('75', '53', 'Remark', 'textfield', '2024-10-15 09:51:29.192567'), ('76', '54', 'Yes', 'checkbox', '2024-10-15 09:51:51.96358'), ('77', '54', 'No', 'checkbox', '2024-10-15 09:51:57.936752'), ('79', '54', 'Date', 'date', '2024-10-15 09:52:15.034759'), ('80', '54', 'Remark', 'textfield', '2024-10-15 09:52:25.282632'), ('81', '57', 'Remark', 'textfield', '2024-10-15 09:53:40.908637'), ('82', '56', 'Remark', 'textfield', '2024-10-15 09:53:48.324278'), ('83', '59', 'Date', 'date', '2024-10-15 09:55:02.430978'), ('84', '59', 'Remark', 'textfield', '2024-10-15 09:55:09.289019'), ('85', '60', 'Remark', 'textfield', '2024-10-15 09:55:55.980112'), ('86', '61', 'Remark', 'textfield', '2024-10-15 09:56:09.050406');


